PI_email	Institution_of_dataset	Dataset	Request_timeStamp	Expected_answer
alexandercox71@ucsd.edu	UCI	Data Set 22	1668747266	N
alexandercox71@ucsd.edu	UCSD	Data Set 15	1670526331	N
alexandercox71@ucsd.edu	UCD	Data Set 36	1668044647	Y
alexandercox71@ucsd.edu	UCI	Data Set 23	1671055474	N
alexandercox71@ucsd.edu	UCD	Data Set 39	1667845015	N
alexandercox71@ucsd.edu	UCI	Data Set 28	1671795052	N
alexandercox71@ucsd.edu	UCSD	Data Set 19	1669297666	N
alexandercox71@ucsd.edu	UCSD	Data Set 16	1670776156	Y
alexandercox71@ucsd.edu	UCD	Data Set 33	1667606150	N
alexandercox71@ucsd.edu	UCI	Data Set 27	1670997596	N
alexandercox71@ucsd.edu	UCI	Data Set 21	1671412435	Y
alexandercox71@ucsd.edu	UCD	Data Set 31	1668097311	N
alexandercox71@ucsd.edu	UCI	Data Set 24	1669610837	N
alexandercox71@ucsd.edu	UCD	Data Set 310	1668955912	N
alexandercox71@ucsd.edu	UCI	Data Set 210	1669713104	N
alexandercox71@ucsd.edu	UCSD	Data Set 11	1667345084	N
alexandercox71@ucsd.edu	UCI	Data Set 29	1672296341	N
alexandercox71@ucsd.edu	UCSD	Data Set 13	1672247160	N
alexandercox71@ucsd.edu	UCI	Data Set 25	1671852208	N
agreen31@ucsd.edu	UCSD	Data Set 17	1671223965	N
agreen31@ucsd.edu	UCI	Data Set 27	1668798662	N
agreen31@ucsd.edu	UCI	Data Set 25	1671097928	N
agreen31@ucsd.edu	UCI	Data Set 21	1667303032	Y
agreen31@ucsd.edu	UCD	Data Set 39	1668666637	N
agreen31@ucsd.edu	UCD	Data Set 32	1669372216	N
agreen31@ucsd.edu	UCD	Data Set 34	1669896717	N
agreen31@ucsd.edu	UCD	Data Set 36	1669820346	Y
agreen31@ucsd.edu	UCSD	Data Set 18	1672118753	Y
agreen31@ucsd.edu	UCSD	Data Set 16	1667532666	Y
agreen31@ucsd.edu	UCSD	Data Set 15	1667474836	N
agreen31@ucsd.edu	UCD	Data Set 38	1669017608	Y
agreen31@ucsd.edu	UCSD	Data Set 19	1669404740	N
agreen31@ucsd.edu	UCI	Data Set 26	1669832411	N
agreen31@ucsd.edu	UCD	Data Set 310	1670110309	N
agreen31@ucsd.edu	UCSD	Data Set 110	1670047807	N
agreen31@ucsd.edu	UCI	Data Set 29	1669658919	N
awalker24@ucsd.edu	UCSD	Data Set 15	1668377378	N
awalker24@ucsd.edu	UCSD	Data Set 19	1670017789	Y
awalker24@ucsd.edu	UCSD	Data Set 11	1669415078	N
awalker24@ucsd.edu	UCI	Data Set 22	1671715967	N
awalker24@ucsd.edu	UCD	Data Set 310	1667432721	N
awalker24@ucsd.edu	UCSD	Data Set 110	1667600584	N
awalker24@ucsd.edu	UCD	Data Set 32	1667659908	N
awalker24@ucsd.edu	UCSD	Data Set 13	1670503811	N
awalker24@ucsd.edu	UCSD	Data Set 18	1669266443	N
awalker24@ucsd.edu	UCI	Data Set 23	1669397254	N
awalker24@ucsd.edu	UCI	Data Set 25	1670357305	N
awalker24@ucsd.edu	UCD	Data Set 34	1672369654	N
awalker24@ucsd.edu	UCSD	Data Set 12	1672257904	N
awalker24@ucsd.edu	UCI	Data Set 29	1672291934	N
awalker24@ucsd.edu	UCD	Data Set 33	1670414127	N
awalker24@ucsd.edu	UCI	Data Set 26	1671368312	N
awalker24@ucsd.edu	UCSD	Data Set 14	1667305628	N
awalker24@ucsd.edu	UCD	Data Set 38	1671508156	Y
ag@ucsd.edu	UCSD	Data Set 15	1668539175	N
ag@ucsd.edu	UCI	Data Set 29	1669019019	N
ag@ucsd.edu	UCSD	Data Set 16	1672147782	Y
ag@ucsd.edu	UCSD	Data Set 13	1667640544	N
ag@ucsd.edu	UCSD	Data Set 19	1670928864	N
ag@ucsd.edu	UCI	Data Set 26	1669501161	N
ag@ucsd.edu	UCSD	Data Set 12	1670917676	N
ag@ucsd.edu	UCSD	Data Set 14	1671995043	N
ag@ucsd.edu	UCD	Data Set 39	1671246964	N
ag@ucsd.edu	UCSD	Data Set 11	1668727541	N
ag@ucsd.edu	UCD	Data Set 31	1671254158	N
ag@ucsd.edu	UCD	Data Set 38	1668183994	Y
ag@ucsd.edu	UCSD	Data Set 17	1670949881	N
ag@ucsd.edu	UCI	Data Set 25	1671412382	N
ag@ucsd.edu	UCI	Data Set 27	1670944502	N
bm30@ucsd.edu	UCI	Data Set 23	1669363184	Y
bm30@ucsd.edu	UCSD	Data Set 18	1671221227	N
bm30@ucsd.edu	UCD	Data Set 39	1668869864	N
bm30@ucsd.edu	UCI	Data Set 24	1669312167	Y
bm30@ucsd.edu	UCI	Data Set 21	1667892579	Y
bm30@ucsd.edu	UCSD	Data Set 11	1668487960	Y
bm30@ucsd.edu	UCI	Data Set 27	1670900004	Y
bm30@ucsd.edu	UCD	Data Set 38	1669881935	Y
bm30@ucsd.edu	UCSD	Data Set 110	1671166650	N
bm30@ucsd.edu	UCI	Data Set 29	1670285494	Y
bm30@ucsd.edu	UCD	Data Set 37	1667905734	Y
bm30@ucsd.edu	UCI	Data Set 28	1667619253	N
bm30@ucsd.edu	UCI	Data Set 25	1667992932	N
bm30@ucsd.edu	UCI	Data Set 26	1670441568	N
bm30@ucsd.edu	UCD	Data Set 36	1668379320	Y
bm30@ucsd.edu	UCSD	Data Set 14	1671309375	Y
bm30@ucsd.edu	UCSD	Data Set 12	1670036679	Y
bm30@ucsd.edu	UCSD	Data Set 19	1668256371	Y
bm30@ucsd.edu	UCD	Data Set 33	1668249956	Y
bm30@ucsd.edu	UCI	Data Set 22	1669674564	N
bm30@ucsd.edu	UCSD	Data Set 13	1669022395	Y
bm30@ucsd.edu	UCI	Data Set 210	1667797795	Y
bm30@ucsd.edu	UCD	Data Set 310	1669303888	N
bm30@ucsd.edu	UCD	Data Set 34	1671380224	Y
brandone4@ucsd.edu	UCSD	Data Set 11	1669477367	N
brandone4@ucsd.edu	UCI	Data Set 28	1672086488	N
brandone4@ucsd.edu	UCSD	Data Set 13	1668309862	N
brandone4@ucsd.edu	UCD	Data Set 310	1671024988	Y
brandone4@ucsd.edu	UCSD	Data Set 14	1668973587	N
brandone4@ucsd.edu	UCI	Data Set 25	1670556248	N
brandone4@ucsd.edu	UCD	Data Set 33	1671313719	N
brandone4@ucsd.edu	UCI	Data Set 21	1672082886	Y
brandone4@ucsd.edu	UCI	Data Set 23	1670561614	N
brandone4@ucsd.edu	UCI	Data Set 24	1670635692	N
brandone4@ucsd.edu	UCSD	Data Set 16	1670859040	Y
brandone4@ucsd.edu	UCD	Data Set 36	1669488776	Y
brandone4@ucsd.edu	UCI	Data Set 210	1667350292	N
brandone4@ucsd.edu	UCSD	Data Set 18	1671363448	Y
brandone4@ucsd.edu	UCI	Data Set 22	1670364419	N
brandone4@ucsd.edu	UCD	Data Set 37	1670633191	N
brandone4@ucsd.edu	UCD	Data Set 39	1672422232	N
brandone4@ucsd.edu	UCSD	Data Set 17	1670649822	N
brandone4@ucsd.edu	UCD	Data Set 35	1668881755	N
brandone4@ucsd.edu	UCI	Data Set 29	1668519227	Y
brandone4@ucsd.edu	UCI	Data Set 27	1670959989	N
brandone4@ucsd.edu	UCD	Data Set 38	1672041014	Y
brandone4@ucsd.edu	UCD	Data Set 31	1670603843	N
bphillips7@ucsd.edu	UCI	Data Set 29	1672161232	N
bphillips7@ucsd.edu	UCI	Data Set 24	1667897799	N
bphillips7@ucsd.edu	UCD	Data Set 37	1668777492	N
bphillips7@ucsd.edu	UCSD	Data Set 13	1669930043	N
bphillips7@ucsd.edu	UCSD	Data Set 12	1669468570	N
bphillips7@ucsd.edu	UCD	Data Set 31	1670870135	N
bphillips7@ucsd.edu	UCI	Data Set 28	1670667618	N
bphillips7@ucsd.edu	UCI	Data Set 27	1669948173	N
bphillips7@ucsd.edu	UCSD	Data Set 14	1670995804	N
bphillips7@ucsd.edu	UCD	Data Set 36	1671687440	N
bphillips7@ucsd.edu	UCD	Data Set 34	1670525670	N
bphillips7@ucsd.edu	UCD	Data Set 310	1671842806	N
bphillips7@ucsd.edu	UCD	Data Set 35	1670481151	N
bphillips7@ucsd.edu	UCSD	Data Set 15	1667899549	N
bphillips7@ucsd.edu	UCD	Data Set 39	1667830896	N
bphillips7@ucsd.edu	UCD	Data Set 38	1667890975	Y
bphillips7@ucsd.edu	UCI	Data Set 21	1667642961	Y
cruiz60@ucsd.edu	UCSD	Data Set 110	1669869039	N
cruiz60@ucsd.edu	UCI	Data Set 25	1669209170	N
cruiz60@ucsd.edu	UCD	Data Set 35	1669511975	N
cruiz60@ucsd.edu	UCSD	Data Set 12	1671026165	N
cruiz60@ucsd.edu	UCSD	Data Set 13	1669988202	N
cruiz60@ucsd.edu	UCI	Data Set 210	1669806500	N
cruiz60@ucsd.edu	UCD	Data Set 33	1671608949	N
cruiz60@ucsd.edu	UCSD	Data Set 15	1670112022	N
cruiz60@ucsd.edu	UCI	Data Set 23	1670585436	N
cruiz60@ucsd.edu	UCD	Data Set 310	1669979927	N
cruiz60@ucsd.edu	UCI	Data Set 21	1670016290	Y
cruiz60@ucsd.edu	UCD	Data Set 31	1667395539	Y
cruiz60@ucsd.edu	UCD	Data Set 36	1671503814	N
cruiz60@ucsd.edu	UCD	Data Set 32	1672369428	N
cruiz60@ucsd.edu	UCD	Data Set 37	1670192842	N
cruiz60@ucsd.edu	UCD	Data Set 34	1667680883	N
cruiz60@ucsd.edu	UCSD	Data Set 17	1671337923	N
cruiz60@ucsd.edu	UCI	Data Set 26	1671746030	N
cruiz60@ucsd.edu	UCD	Data Set 39	1672414154	N
cruiz60@ucsd.edu	UCI	Data Set 24	1671457356	N
cruiz60@ucsd.edu	UCI	Data Set 29	1670595005	N
cruiz60@ucsd.edu	UCSD	Data Set 14	1667318622	N
cruiz60@ucsd.edu	UCSD	Data Set 19	1670790755	Y
cruiz60@ucsd.edu	UCI	Data Set 28	1667512774	N
cruiz60@ucsd.edu	UCI	Data Set 22	1672318047	N
cgutierrez98@ucsd.edu	UCSD	Data Set 14	1671439208	N
cgutierrez98@ucsd.edu	UCD	Data Set 37	1670984214	N
cgutierrez98@ucsd.edu	UCD	Data Set 38	1667592821	Y
cgutierrez98@ucsd.edu	UCI	Data Set 27	1671537766	N
cgutierrez98@ucsd.edu	UCD	Data Set 35	1670880253	Y
cgutierrez98@ucsd.edu	UCSD	Data Set 12	1667573962	N
cgutierrez98@ucsd.edu	UCI	Data Set 22	1667894998	N
cgutierrez98@ucsd.edu	UCD	Data Set 33	1670111152	N
cgutierrez98@ucsd.edu	UCI	Data Set 24	1669444853	N
cgutierrez98@ucsd.edu	UCI	Data Set 25	1668788901	N
cgutierrez98@ucsd.edu	UCI	Data Set 28	1669898771	N
cgutierrez98@ucsd.edu	UCD	Data Set 32	1668899900	N
cgutierrez98@ucsd.edu	UCI	Data Set 29	1668265215	N
cgutierrez98@ucsd.edu	UCI	Data Set 210	1668485485	N
cgutierrez98@ucsd.edu	UCSD	Data Set 11	1671329138	N
cgutierrez98@ucsd.edu	UCD	Data Set 34	1670384708	N
cgutierrez98@ucsd.edu	UCSD	Data Set 18	1668560435	Y
cgutierrez98@ucsd.edu	UCSD	Data Set 13	1668513502	N
cgutierrez98@ucsd.edu	UCSD	Data Set 16	1670088432	Y
cgutierrez98@ucsd.edu	UCSD	Data Set 110	1667483288	N
cgutierrez98@ucsd.edu	UCSD	Data Set 17	1672001030	N
cgutierrez98@ucsd.edu	UCD	Data Set 310	1668987250	N
cgutierrez98@ucsd.edu	UCD	Data Set 39	1669876810	N
cgutierrez98@ucsd.edu	UCD	Data Set 31	1671036567	N
cgutierrez98@ucsd.edu	UCI	Data Set 26	1668396332	N
cgutierrez98@ucsd.edu	UCD	Data Set 36	1672387411	N
cgutierrez98@ucsd.edu	UCI	Data Set 21	1670949091	Y
christinehill23@ucsd.edu	UCI	Data Set 25	1669686577	N
christinehill23@ucsd.edu	UCD	Data Set 310	1671557815	N
christinehill23@ucsd.edu	UCD	Data Set 35	1667824958	Y
christinehill23@ucsd.edu	UCI	Data Set 22	1671930058	N
christinehill23@ucsd.edu	UCI	Data Set 21	1669360354	Y
christinehill23@ucsd.edu	UCI	Data Set 23	1669575999	N
christinehill23@ucsd.edu	UCI	Data Set 28	1672013185	N
christinehill23@ucsd.edu	UCD	Data Set 31	1669245293	N
christinehill23@ucsd.edu	UCD	Data Set 39	1669044430	N
christinehill23@ucsd.edu	UCD	Data Set 34	1669887157	N
christinehill23@ucsd.edu	UCSD	Data Set 11	1671938908	N
christinehill23@ucsd.edu	UCD	Data Set 32	1672416722	N
christinehill23@ucsd.edu	UCSD	Data Set 15	1671434447	N
cturner16@ucsd.edu	UCSD	Data Set 15	1670601398	N
cturner16@ucsd.edu	UCSD	Data Set 16	1669058134	Y
cturner16@ucsd.edu	UCD	Data Set 32	1668467852	N
cturner16@ucsd.edu	UCSD	Data Set 12	1667296858	N
cturner16@ucsd.edu	UCI	Data Set 25	1670994604	N
cturner16@ucsd.edu	UCSD	Data Set 19	1667946429	N
cturner16@ucsd.edu	UCI	Data Set 28	1668455820	N
cturner16@ucsd.edu	UCD	Data Set 35	1671535188	N
cturner16@ucsd.edu	UCD	Data Set 34	1668748004	N
cturner16@ucsd.edu	UCD	Data Set 33	1671483415	N
cturner16@ucsd.edu	UCD	Data Set 31	1668660266	N
cturner16@ucsd.edu	UCSD	Data Set 11	1668599591	N
cturner16@ucsd.edu	UCI	Data Set 23	1667997963	N
cturner16@ucsd.edu	UCI	Data Set 210	1670684373	N
cturner16@ucsd.edu	UCD	Data Set 310	1670653059	N
cturner16@ucsd.edu	UCD	Data Set 36	1669822346	N
cturner16@ucsd.edu	UCD	Data Set 38	1667675667	Y
cturner16@ucsd.edu	UCD	Data Set 37	1668433510	N
cturner16@ucsd.edu	UCSD	Data Set 18	1672093259	N
cturner16@ucsd.edu	UCSD	Data Set 110	1671054859	N
cturner16@ucsd.edu	UCI	Data Set 27	1668124498	N
cturner16@ucsd.edu	UCI	Data Set 24	1672253779	N
cturner16@ucsd.edu	UCSD	Data Set 17	1668513830	N
cturner16@ucsd.edu	UCSD	Data Set 13	1672257211	N
cturner16@ucsd.edu	UCI	Data Set 22	1671082568	N
cturner16@ucsd.edu	UCI	Data Set 29	1667905064	N
cturner16@ucsd.edu	UCI	Data Set 21	1670391848	Y
cy49@ucsd.edu	UCD	Data Set 38	1668569978	N
cy49@ucsd.edu	UCSD	Data Set 19	1668063699	N
cy49@ucsd.edu	UCI	Data Set 23	1669713192	N
cy49@ucsd.edu	UCI	Data Set 27	1668688272	N
cy49@ucsd.edu	UCD	Data Set 39	1671128343	N
cy49@ucsd.edu	UCD	Data Set 35	1672346875	N
cy49@ucsd.edu	UCD	Data Set 34	1670591020	N
cy49@ucsd.edu	UCI	Data Set 28	1670434120	N
cy49@ucsd.edu	UCI	Data Set 22	1672134610	N
cynthiagutierrez22@ucsd.edu	UCSD	Data Set 110	1667713505	N
cynthiagutierrez22@ucsd.edu	UCSD	Data Set 12	1667393285	N
cynthiagutierrez22@ucsd.edu	UCI	Data Set 23	1670255290	N
cynthiagutierrez22@ucsd.edu	UCI	Data Set 24	1671336106	N
cynthiagutierrez22@ucsd.edu	UCD	Data Set 310	1670829742	N
cynthiagutierrez22@ucsd.edu	UCI	Data Set 22	1667791992	N
cynthiagutierrez22@ucsd.edu	UCD	Data Set 37	1669061898	N
cynthiagutierrez22@ucsd.edu	UCD	Data Set 34	1668922222	N
cynthiagutierrez22@ucsd.edu	UCD	Data Set 38	1667384323	Y
cynthiagutierrez22@ucsd.edu	UCD	Data Set 31	1671345252	Y
cynthiagutierrez22@ucsd.edu	UCSD	Data Set 18	1670534356	N
cynthiagutierrez22@ucsd.edu	UCSD	Data Set 15	1670591291	N
cynthiagutierrez22@ucsd.edu	UCSD	Data Set 16	1667714200	Y
cynthiagutierrez22@ucsd.edu	UCI	Data Set 26	1672385875	N
cynthiagutierrez22@ucsd.edu	UCSD	Data Set 11	1672076795	N
cynthiagutierrez22@ucsd.edu	UCI	Data Set 29	1669925415	N
cynthiagutierrez22@ucsd.edu	UCSD	Data Set 13	1668769793	N
cynthiagutierrez22@ucsd.edu	UCI	Data Set 27	1669929541	N
cynthiagutierrez22@ucsd.edu	UCI	Data Set 21	1668823978	Y
cynthiagutierrez22@ucsd.edu	UCD	Data Set 32	1669305755	N
cynthiagutierrez22@ucsd.edu	UCSD	Data Set 14	1670652421	N
cynthiagutierrez22@ucsd.edu	UCSD	Data Set 17	1670473374	N
cynthiagutierrez22@ucsd.edu	UCD	Data Set 39	1669990664	N
cynthiagutierrez22@ucsd.edu	UCD	Data Set 36	1669917074	N
cynthiagutierrez22@ucsd.edu	UCD	Data Set 35	1670634905	Y
cynthiagutierrez22@ucsd.edu	UCI	Data Set 210	1667577264	N
cynthiagutierrez22@ucsd.edu	UCI	Data Set 25	1668499445	N
cynthiagutierrez22@ucsd.edu	UCSD	Data Set 19	1667656358	Y
cynthiagutierrez22@ucsd.edu	UCI	Data Set 28	1671580862	N
davidr46@ucsd.edu	UCSD	Data Set 14	1669346788	N
davidr46@ucsd.edu	UCI	Data Set 21	1669923646	Y
davidr46@ucsd.edu	UCSD	Data Set 17	1669655751	N
davidr46@ucsd.edu	UCD	Data Set 36	1670457955	N
davidr46@ucsd.edu	UCD	Data Set 34	1671841772	N
davidr46@ucsd.edu	UCD	Data Set 31	1668461373	Y
davidr46@ucsd.edu	UCI	Data Set 29	1668982800	N
davidr46@ucsd.edu	UCD	Data Set 38	1668889600	N
davidr46@ucsd.edu	UCD	Data Set 39	1669720761	N
davidr46@ucsd.edu	UCSD	Data Set 110	1671609465	N
davidr46@ucsd.edu	UCI	Data Set 27	1669911664	N
davidr46@ucsd.edu	UCI	Data Set 28	1671664861	N
davidr46@ucsd.edu	UCI	Data Set 23	1669709058	N
debrawhite67@ucsd.edu	UCI	Data Set 28	1669771810	N
debrawhite67@ucsd.edu	UCD	Data Set 37	1668324178	N
debrawhite67@ucsd.edu	UCD	Data Set 32	1668827661	N
debrawhite67@ucsd.edu	UCD	Data Set 31	1670072447	N
debrawhite67@ucsd.edu	UCD	Data Set 34	1670548467	N
debrawhite67@ucsd.edu	UCD	Data Set 33	1670739214	N
debrawhite67@ucsd.edu	UCI	Data Set 27	1670131590	N
debrawhite67@ucsd.edu	UCSD	Data Set 19	1672349564	N
debrawhite67@ucsd.edu	UCI	Data Set 21	1668226871	Y
debrawhite67@ucsd.edu	UCD	Data Set 310	1671969286	N
debrawhite67@ucsd.edu	UCD	Data Set 38	1671492254	N
debrawhite67@ucsd.edu	UCSD	Data Set 11	1672345206	N
debrawhite67@ucsd.edu	UCI	Data Set 22	1669533853	N
debrawhite67@ucsd.edu	UCD	Data Set 36	1668888852	N
debrawhite67@ucsd.edu	UCD	Data Set 39	1668331145	N
debrawhite67@ucsd.edu	UCI	Data Set 210	1668601919	N
debrawhite67@ucsd.edu	UCSD	Data Set 15	1669181662	N
debrawhite67@ucsd.edu	UCSD	Data Set 14	1669084779	N
debrawhite67@ucsd.edu	UCI	Data Set 29	1670091112	N
debrawhite67@ucsd.edu	UCSD	Data Set 13	1669076565	N
debrawhite67@ucsd.edu	UCI	Data Set 26	1672260684	N
debrawhite67@ucsd.edu	UCSD	Data Set 110	1667788648	N
debrawhite67@ucsd.edu	UCI	Data Set 25	1667847378	N
debrawhite67@ucsd.edu	UCI	Data Set 24	1669737274	N
debrawhite67@ucsd.edu	UCSD	Data Set 12	1668208186	N
debrawhite67@ucsd.edu	UCD	Data Set 35	1667674674	N
debrawhite67@ucsd.edu	UCSD	Data Set 16	1668038869	Y
debrawhite67@ucsd.edu	UCI	Data Set 23	1671064562	N
donaldp46@ucsd.edu	UCSD	Data Set 14	1667895678	N
donaldp46@ucsd.edu	UCI	Data Set 25	1671251240	N
donaldp46@ucsd.edu	UCI	Data Set 210	1669391955	N
donaldp46@ucsd.edu	UCD	Data Set 37	1672251894	N
donaldp46@ucsd.edu	UCSD	Data Set 17	1669452411	N
donaldp46@ucsd.edu	UCI	Data Set 29	1671435441	Y
donaldp46@ucsd.edu	UCSD	Data Set 13	1671448505	N
donaldp46@ucsd.edu	UCD	Data Set 33	1670178088	N
donaldp46@ucsd.edu	UCI	Data Set 22	1669702791	N
donaldp46@ucsd.edu	UCSD	Data Set 19	1668907247	Y
donaldp46@ucsd.edu	UCSD	Data Set 18	1667290732	Y
donaldp46@ucsd.edu	UCD	Data Set 35	1669342408	N
donaldp46@ucsd.edu	UCSD	Data Set 12	1669181396	N
donaldp46@ucsd.edu	UCSD	Data Set 11	1667802976	N
donaldp46@ucsd.edu	UCD	Data Set 38	1672230271	Y
donaldp46@ucsd.edu	UCD	Data Set 39	1668712694	N
donaldp46@ucsd.edu	UCD	Data Set 36	1668940627	Y
donaldp46@ucsd.edu	UCD	Data Set 310	1669873019	Y
donaldp46@ucsd.edu	UCI	Data Set 21	1667362045	Y
donaldp46@ucsd.edu	UCI	Data Set 23	1668468472	N
donaldp46@ucsd.edu	UCI	Data Set 24	1670660792	N
donaldp46@ucsd.edu	UCD	Data Set 32	1669917779	N
donaldp46@ucsd.edu	UCI	Data Set 28	1669100350	N
donaldp46@ucsd.edu	UCD	Data Set 34	1667922254	N
donaldp46@ucsd.edu	UCSD	Data Set 15	1671430141	N
donaldp46@ucsd.edu	UCD	Data Set 31	1671040294	N
donaldr51@ucsd.edu	UCSD	Data Set 19	1669305069	N
donaldr51@ucsd.edu	UCI	Data Set 23	1671605928	N
donaldr51@ucsd.edu	UCI	Data Set 28	1672338335	N
donaldr51@ucsd.edu	UCSD	Data Set 13	1668786780	N
donaldr51@ucsd.edu	UCD	Data Set 35	1669178602	N
donaldr51@ucsd.edu	UCD	Data Set 33	1668629215	N
donaldr51@ucsd.edu	UCSD	Data Set 14	1670197463	N
donaldr51@ucsd.edu	UCD	Data Set 38	1672084446	Y
donaldr51@ucsd.edu	UCD	Data Set 37	1668646096	N
donaldr51@ucsd.edu	UCI	Data Set 22	1668751993	N
donaldr51@ucsd.edu	UCSD	Data Set 17	1671054911	N
donaldr51@ucsd.edu	UCD	Data Set 310	1667467430	N
donaldr51@ucsd.edu	UCI	Data Set 25	1671705111	N
donaldr51@ucsd.edu	UCD	Data Set 32	1672442032	N
donaldr51@ucsd.edu	UCSD	Data Set 16	1671538223	Y
donaldr51@ucsd.edu	UCI	Data Set 29	1668821414	N
donaldr51@ucsd.edu	UCI	Data Set 21	1671985696	Y
donaldr51@ucsd.edu	UCSD	Data Set 110	1667356468	N
donaldr51@ucsd.edu	UCI	Data Set 210	1667718764	N
donaldr51@ucsd.edu	UCD	Data Set 36	1671083237	Y
emilyrivera@uci.edu	UCI	Data Set 210	1670858092	N
garyc@uci.edu	UCD	Data Set 310	1670169356	N
garyc@uci.edu	UCI	Data Set 25	1671171758	N
garyc@uci.edu	UCD	Data Set 36	1671060547	Y
garyc@uci.edu	UCI	Data Set 210	1670253974	N
garyc@uci.edu	UCI	Data Set 28	1671192263	Y
garyc@uci.edu	UCD	Data Set 31	1667795850	Y
garyc@uci.edu	UCD	Data Set 34	1671012450	N
garyc@uci.edu	UCD	Data Set 37	1669796538	N
garyc@uci.edu	UCI	Data Set 27	1667620127	N
garyc@uci.edu	UCSD	Data Set 18	1671344300	N
garyc@uci.edu	UCI	Data Set 24	1670320170	N
garyc@uci.edu	UCSD	Data Set 19	1668587015	N
gh@uci.edu	UCI	Data Set 23	1671007754	N
gh@uci.edu	UCI	Data Set 29	1669146148	N
gh@uci.edu	UCI	Data Set 24	1671259781	N
js@uci.edu	UCD	Data Set 36	1670326866	N
js@uci.edu	UCD	Data Set 33	1669193498	N
js@uci.edu	UCD	Data Set 35	1672182256	Y
js@uci.edu	UCD	Data Set 32	1671111463	N
js@uci.edu	UCI	Data Set 22	1668886010	N
js@uci.edu	UCI	Data Set 25	1668563627	N
js@uci.edu	UCD	Data Set 34	1671993707	Y
js@uci.edu	UCI	Data Set 21	1670768913	Y
js@uci.edu	UCI	Data Set 210	1667625510	N
js@uci.edu	UCI	Data Set 29	1669339902	N
js@uci.edu	UCSD	Data Set 14	1667987567	N
js@uci.edu	UCD	Data Set 37	1667298710	N
jamessanders@uci.edu	UCSD	Data Set 15	1670942518	N
jamessanders@uci.edu	UCD	Data Set 38	1671244904	N
jamessanders@uci.edu	UCI	Data Set 25	1668626832	N
jamessanders@uci.edu	UCI	Data Set 21	1669171018	Y
jamessanders@uci.edu	UCSD	Data Set 18	1668898363	N
jamessanders@uci.edu	UCD	Data Set 33	1670033523	N
jamessanders@uci.edu	UCI	Data Set 29	1667597410	N
jamessanders@uci.edu	UCD	Data Set 34	1670400466	N
jamessanders@uci.edu	UCSD	Data Set 13	1671624811	N
jamessanders@uci.edu	UCSD	Data Set 17	1668333114	N
jamessanders@uci.edu	UCD	Data Set 39	1671638267	N
jamessanders@uci.edu	UCI	Data Set 26	1670734072	N
jamessanders@uci.edu	UCSD	Data Set 14	1671828281	N
jamessanders@uci.edu	UCI	Data Set 23	1667740707	N
jamessanders@uci.edu	UCD	Data Set 35	1670843361	Y
jamessanders@uci.edu	UCI	Data Set 22	1668906188	N
jamessanders@uci.edu	UCD	Data Set 37	1669453648	N
jamessanders@uci.edu	UCSD	Data Set 12	1669222559	N
jamessanders@uci.edu	UCD	Data Set 31	1668614181	Y
jamessanders@uci.edu	UCSD	Data Set 16	1669824471	N
jw@uci.edu	UCD	Data Set 310	1668933768	N
jw@uci.edu	UCSD	Data Set 19	1668429475	N
jw@uci.edu	UCSD	Data Set 110	1668096115	Y
jw@uci.edu	UCSD	Data Set 11	1670678034	Y
jw@uci.edu	UCI	Data Set 29	1671593889	N
jw@uci.edu	UCSD	Data Set 15	1670023847	N
jw@uci.edu	UCD	Data Set 33	1671433343	N
jw@uci.edu	UCD	Data Set 38	1670680502	Y
jw@uci.edu	UCI	Data Set 23	1669473857	Y
jw@uci.edu	UCI	Data Set 25	1670984739	N
jw@uci.edu	UCI	Data Set 22	1669564656	N
jw@uci.edu	UCD	Data Set 39	1671226260	N
jw@uci.edu	UCD	Data Set 36	1668615543	Y
jm46@uci.edu	UCSD	Data Set 17	1669342266	N
jm46@uci.edu	UCI	Data Set 25	1670308015	N
jm46@uci.edu	UCD	Data Set 35	1667512116	N
jm46@uci.edu	UCD	Data Set 39	1668570934	N
jm46@uci.edu	UCI	Data Set 210	1672467543	N
jm46@uci.edu	UCD	Data Set 38	1667321650	Y
jm46@uci.edu	UCSD	Data Set 15	1671314947	N
justinparker6@uci.edu	UCSD	Data Set 12	1669547797	N
justinparker6@uci.edu	UCI	Data Set 21	1671852034	Y
justinparker6@uci.edu	UCSD	Data Set 16	1669201747	Y
justinparker6@uci.edu	UCI	Data Set 26	1667514563	N
justinparker6@uci.edu	UCD	Data Set 35	1671190559	Y
justinparker6@uci.edu	UCSD	Data Set 19	1670384933	Y
justinparker6@uci.edu	UCD	Data Set 36	1670411423	N
justinparker6@uci.edu	UCD	Data Set 34	1668205949	N
justinparker6@uci.edu	UCD	Data Set 310	1668129940	Y
justinparker6@uci.edu	UCSD	Data Set 110	1670270610	N
justinparker6@uci.edu	UCD	Data Set 32	1669010090	Y
karenb@uci.edu	UCI	Data Set 28	1672133799	N
karenb@uci.edu	UCD	Data Set 36	1669194513	Y
karenb@uci.edu	UCSD	Data Set 13	1672069330	N
karenb@uci.edu	UCI	Data Set 21	1669287453	Y
karenb@uci.edu	UCI	Data Set 25	1667800010	N
karenb@uci.edu	UCSD	Data Set 12	1670346999	N
karenb@uci.edu	UCI	Data Set 29	1672018515	Y
karenb@uci.edu	UCI	Data Set 24	1670738936	N
karenb@uci.edu	UCD	Data Set 34	1668680315	N
karenb@uci.edu	UCI	Data Set 27	1671444245	N
karenb@uci.edu	UCSD	Data Set 15	1669118382	N
karenb@uci.edu	UCSD	Data Set 16	1668247338	Y
karenb@uci.edu	UCSD	Data Set 17	1669937002	N
karenb@uci.edu	UCSD	Data Set 18	1667846077	N
karenb@uci.edu	UCSD	Data Set 110	1669379644	N
karenb@uci.edu	UCI	Data Set 22	1669137555	N
karenb@uci.edu	UCD	Data Set 32	1671977675	N
karenb@uci.edu	UCI	Data Set 210	1668791702	N
karenb@uci.edu	UCD	Data Set 33	1669257712	N
karenb@uci.edu	UCD	Data Set 38	1667429779	Y
karenb@uci.edu	UCSD	Data Set 11	1669313013	N
karenb@uci.edu	UCSD	Data Set 19	1668685845	N
karenb@uci.edu	UCI	Data Set 23	1670644475	N
katherinecampbell17@uci.edu	UCI	Data Set 23	1671395202	N
katherinecampbell17@uci.edu	UCI	Data Set 24	1669096863	N
katherinecampbell17@uci.edu	UCI	Data Set 210	1668656125	N
katherinecampbell17@uci.edu	UCSD	Data Set 12	1670262064	N
katherinecampbell17@uci.edu	UCSD	Data Set 14	1670199888	N
katherinecampbell17@uci.edu	UCD	Data Set 34	1670945974	N
katherinecampbell17@uci.edu	UCI	Data Set 26	1669983028	N
katherinecampbell17@uci.edu	UCSD	Data Set 110	1669111442	N
katherinecampbell17@uci.edu	UCSD	Data Set 18	1668422731	Y
katherinecampbell17@uci.edu	UCD	Data Set 31	1668785175	N
katherinecampbell17@uci.edu	UCD	Data Set 36	1672099456	N
katherinecampbell17@uci.edu	UCI	Data Set 25	1671946038	N
katherinecampbell17@uci.edu	UCSD	Data Set 19	1668777116	N
katherinecampbell17@uci.edu	UCD	Data Set 33	1672358371	N
kwood6@uci.edu	UCSD	Data Set 17	1668735367	N
kwood6@uci.edu	UCI	Data Set 21	1669843150	Y
kwood6@uci.edu	UCSD	Data Set 13	1670046621	N
kwood6@uci.edu	UCSD	Data Set 18	1670130945	Y
kwood6@uci.edu	UCI	Data Set 28	1668518659	N
kwood6@uci.edu	UCD	Data Set 37	1669880366	N
kwood6@uci.edu	UCSD	Data Set 14	1667583203	N
kwood6@uci.edu	UCI	Data Set 29	1667421492	Y
kwood6@uci.edu	UCD	Data Set 310	1670379750	Y
kwood6@uci.edu	UCSD	Data Set 110	1667296946	N
kwood6@uci.edu	UCSD	Data Set 16	1668148698	N
kwood6@uci.edu	UCSD	Data Set 11	1669297639	N
kwood6@uci.edu	UCI	Data Set 23	1671947711	N
kwood6@uci.edu	UCD	Data Set 38	1670289396	Y
kwood6@uci.edu	UCI	Data Set 25	1670798426	N
kwood6@uci.edu	UCSD	Data Set 15	1669921760	N
kwood6@uci.edu	UCI	Data Set 26	1670728220	N
kennethd@uci.edu	UCI	Data Set 27	1667698570	N
kennethd@uci.edu	UCSD	Data Set 17	1670553964	N
kennethd@uci.edu	UCD	Data Set 310	1667837643	N
kennethd@uci.edu	UCSD	Data Set 16	1668962114	N
kgomez@uci.edu	UCD	Data Set 39	1668642064	N
kgomez@uci.edu	UCD	Data Set 37	1671963829	N
kgomez@uci.edu	UCD	Data Set 32	1667633095	N
kgomez@uci.edu	UCD	Data Set 31	1670583880	N
kgomez@uci.edu	UCI	Data Set 24	1671013723	N
kgomez@uci.edu	UCSD	Data Set 13	1667679035	N
kgomez@uci.edu	UCSD	Data Set 19	1669950092	N
kgomez@uci.edu	UCI	Data Set 28	1672328571	N
kgomez@uci.edu	UCI	Data Set 23	1669555054	N
kgomez@uci.edu	UCD	Data Set 310	1669286034	N
kgomez@uci.edu	UCI	Data Set 21	1667767724	Y
kenneththompson@uci.edu	UCD	Data Set 38	1672292033	N
kenneththompson@uci.edu	UCI	Data Set 21	1670716906	Y
kenneththompson@uci.edu	UCD	Data Set 37	1669832154	N
kenneththompson@uci.edu	UCSD	Data Set 16	1668005119	Y
kenneththompson@uci.edu	UCSD	Data Set 15	1671982114	N
kenneththompson@uci.edu	UCSD	Data Set 19	1671994137	N
kenneththompson@uci.edu	UCD	Data Set 310	1671968436	Y
kenneththompson@uci.edu	UCI	Data Set 25	1667963579	N
kenneththompson@uci.edu	UCI	Data Set 210	1669730901	N
kenneththompson@uci.edu	UCD	Data Set 35	1669185807	N
kenneththompson@uci.edu	UCD	Data Set 32	1671375883	N
kenneththompson@uci.edu	UCI	Data Set 22	1668375357	N
kenneththompson@uci.edu	UCI	Data Set 24	1667705396	N
kenneththompson@uci.edu	UCSD	Data Set 110	1668114091	N
kenneththompson@uci.edu	UCD	Data Set 36	1667798406	Y
kenneththompson@uci.edu	UCSD	Data Set 11	1671086338	N
kenneththompson@uci.edu	UCI	Data Set 26	1671438595	N
kenneththompson@uci.edu	UCI	Data Set 29	1668073698	Y
kenneththompson@uci.edu	UCSD	Data Set 12	1670353724	N
kenneththompson@uci.edu	UCD	Data Set 33	1670379517	N
kenneththompson@uci.edu	UCD	Data Set 34	1671004367	N
kenneththompson@uci.edu	UCD	Data Set 39	1669674828	N
kenneththompson@uci.edu	UCI	Data Set 23	1672154950	N
kenneththompson@uci.edu	UCSD	Data Set 13	1668121182	N
ka@uci.edu	UCD	Data Set 39	1671851192	N
ka@uci.edu	UCD	Data Set 310	1671830537	Y
ka@uci.edu	UCD	Data Set 35	1667886328	Y
ka@uci.edu	UCD	Data Set 38	1671560192	Y
ka@uci.edu	UCSD	Data Set 13	1671822230	Y
ka@uci.edu	UCSD	Data Set 14	1671201204	N
ka@uci.edu	UCSD	Data Set 15	1669705480	N
ka@uci.edu	UCSD	Data Set 110	1671327593	N
ka@uci.edu	UCI	Data Set 25	1672350672	N
ka@uci.edu	UCI	Data Set 21	1668389434	Y
ka@uci.edu	UCI	Data Set 28	1669667603	N
ka@uci.edu	UCD	Data Set 33	1668615559	N
ka@uci.edu	UCD	Data Set 37	1668403343	N
ka@uci.edu	UCSD	Data Set 16	1668105420	N
ka@uci.edu	UCSD	Data Set 11	1667341191	N
ka@uci.edu	UCSD	Data Set 18	1670898196	N
ka@uci.edu	UCI	Data Set 22	1671171106	N
ka@uci.edu	UCI	Data Set 29	1672246000	N
ka@uci.edu	UCI	Data Set 27	1670568795	N
ka@uci.edu	UCSD	Data Set 19	1670735646	N
ka@uci.edu	UCI	Data Set 23	1671167470	N
ka@uci.edu	UCD	Data Set 31	1669459107	N
ka@uci.edu	UCSD	Data Set 12	1669087585	N
ka@uci.edu	UCD	Data Set 32	1671119387	N
ka@uci.edu	UCI	Data Set 24	1669318868	N
ln@uci.edu	UCSD	Data Set 11	1672066173	N
ln@uci.edu	UCI	Data Set 210	1667748210	N
ln@uci.edu	UCI	Data Set 23	1670258438	N
ln@uci.edu	UCI	Data Set 28	1668714088	N
ln@uci.edu	UCI	Data Set 21	1668246902	N
ln@uci.edu	UCD	Data Set 310	1671314099	N
ln@uci.edu	UCD	Data Set 33	1671300881	N
ln@uci.edu	UCD	Data Set 32	1669273021	N
ln@uci.edu	UCD	Data Set 35	1668739456	N
ln@uci.edu	UCI	Data Set 24	1669094277	N
ln@uci.edu	UCSD	Data Set 16	1668406773	Y
ln@uci.edu	UCI	Data Set 29	1670236871	N
ln@uci.edu	UCSD	Data Set 12	1669593526	N
ln@uci.edu	UCSD	Data Set 13	1669514004	N
ln@uci.edu	UCD	Data Set 34	1668424452	Y
ln@uci.edu	UCD	Data Set 39	1667765174	N
ln@uci.edu	UCI	Data Set 26	1669049691	N
ln@uci.edu	UCI	Data Set 25	1670585528	N
ln@uci.edu	UCD	Data Set 31	1668616864	N
ln@uci.edu	UCSD	Data Set 110	1667760787	Y
margaretwilliams@uci.edu	UCI	Data Set 210	1672173520	N
margaretwilliams@uci.edu	UCD	Data Set 36	1667922528	Y
margaretwilliams@uci.edu	UCI	Data Set 24	1669603230	N
margaretwilliams@uci.edu	UCD	Data Set 33	1667628725	N
margaretwilliams@uci.edu	UCSD	Data Set 17	1671337700	N
margaretwilliams@uci.edu	UCSD	Data Set 15	1669742994	Y
margaretwilliams@uci.edu	UCI	Data Set 28	1668515673	N
margaretwilliams@uci.edu	UCI	Data Set 21	1671179225	N
margaretwilliams@uci.edu	UCD	Data Set 31	1670221798	N
margaretwilliams@uci.edu	UCD	Data Set 39	1669159922	N
margaretwilliams@uci.edu	UCI	Data Set 23	1670520105	N
margaretwilliams@uci.edu	UCD	Data Set 34	1670222422	Y
margaretwilliams@uci.edu	UCSD	Data Set 16	1667500180	Y
margaretwilliams@uci.edu	UCD	Data Set 38	1672378062	Y
margaretwilliams@uci.edu	UCI	Data Set 26	1668356222	N
margaretwilliams@uci.edu	UCI	Data Set 25	1668368421	N
margaretwilliams@uci.edu	UCSD	Data Set 18	1672006033	N
margaretwilliams@uci.edu	UCD	Data Set 310	1671243635	Y
margaretwilliams@uci.edu	UCI	Data Set 22	1669073264	N
margaretwilliams@uci.edu	UCD	Data Set 32	1670599063	N
margaretwilliams@uci.edu	UCSD	Data Set 11	1669030524	N
margaretwilliams@uci.edu	UCSD	Data Set 12	1668999713	Y
margaretwilliams@uci.edu	UCI	Data Set 27	1671330227	N
margaretwilliams@uci.edu	UCSD	Data Set 19	1668200424	N
mreed@uci.edu	UCSD	Data Set 14	1668328305	N
mreed@uci.edu	UCI	Data Set 23	1670251204	N
mreed@uci.edu	UCD	Data Set 310	1668579973	N
mreed@uci.edu	UCSD	Data Set 110	1670508579	Y
mreed@uci.edu	UCI	Data Set 22	1671810701	N
mreed@uci.edu	UCD	Data Set 35	1667565731	Y
mreed@uci.edu	UCI	Data Set 25	1670025844	N
mreed@uci.edu	UCSD	Data Set 13	1669331815	N
mreed@uci.edu	UCD	Data Set 39	1667960578	N
mreed@uci.edu	UCD	Data Set 37	1672400263	N
mreed@uci.edu	UCI	Data Set 26	1671243461	Y
mreed@uci.edu	UCSD	Data Set 11	1668087316	N
markparker@uci.edu	UCI	Data Set 26	1671779051	N
markparker@uci.edu	UCD	Data Set 35	1669420189	N
markparker@uci.edu	UCI	Data Set 210	1669699594	N
markparker@uci.edu	UCSD	Data Set 11	1669895100	N
markparker@uci.edu	UCI	Data Set 21	1670115761	Y
markparker@uci.edu	UCI	Data Set 28	1668154203	N
markparker@uci.edu	UCI	Data Set 22	1669816684	N
markparker@uci.edu	UCD	Data Set 32	1670405215	N
markparker@uci.edu	UCSD	Data Set 12	1670503568	N
markparker@uci.edu	UCD	Data Set 33	1668406383	N
markparker@uci.edu	UCSD	Data Set 14	1668256833	N
markparker@uci.edu	UCSD	Data Set 15	1668109487	N
markparker@uci.edu	UCD	Data Set 34	1672259042	N
markrichardson64@ucd.edu	UCSD	Data Set 15	1670509597	N
markrichardson64@ucd.edu	UCSD	Data Set 18	1668742979	Y
markrichardson64@ucd.edu	UCI	Data Set 23	1670095954	N
markrichardson64@ucd.edu	UCSD	Data Set 17	1671576154	N
markrichardson64@ucd.edu	UCD	Data Set 37	1669189576	N
markrichardson64@ucd.edu	UCI	Data Set 24	1670487091	N
markrichardson64@ucd.edu	UCD	Data Set 310	1670298802	N
markrichardson64@ucd.edu	UCI	Data Set 26	1670558133	Y
markrichardson64@ucd.edu	UCSD	Data Set 13	1669419743	N
markrichardson64@ucd.edu	UCD	Data Set 39	1668260907	N
markrichardson64@ucd.edu	UCI	Data Set 22	1671712149	N
markrichardson64@ucd.edu	UCD	Data Set 36	1671202382	N
markrichardson64@ucd.edu	UCSD	Data Set 19	1669977892	Y
markrichardson64@ucd.edu	UCSD	Data Set 12	1672204316	N
markrichardson64@ucd.edu	UCD	Data Set 32	1671820644	N
markrichardson64@ucd.edu	UCD	Data Set 38	1669834929	Y
markrichardson64@ucd.edu	UCI	Data Set 29	1669529946	N
markrichardson64@ucd.edu	UCD	Data Set 35	1668702786	N
markrichardson64@ucd.edu	UCI	Data Set 25	1670320704	N
markrichardson64@ucd.edu	UCI	Data Set 27	1668452074	N
markrichardson64@ucd.edu	UCI	Data Set 210	1670717244	N
markrichardson64@ucd.edu	UCSD	Data Set 14	1668267445	N
markrichardson64@ucd.edu	UCD	Data Set 31	1671487562	Y
markrichardson64@ucd.edu	UCSD	Data Set 110	1671285344	Y
markrichardson64@ucd.edu	UCD	Data Set 33	1671780588	N
markrichardson64@ucd.edu	UCD	Data Set 34	1669145099	Y
mrobinson@ucd.edu	UCSD	Data Set 14	1668762213	Y
mrobinson@ucd.edu	UCI	Data Set 23	1671191565	N
mrobinson@ucd.edu	UCI	Data Set 22	1668400116	Y
mrobinson@ucd.edu	UCD	Data Set 310	1669107700	Y
mrobinson@ucd.edu	UCSD	Data Set 19	1670375456	Y
mrobinson@ucd.edu	UCSD	Data Set 18	1668001695	Y
mrobinson@ucd.edu	UCSD	Data Set 17	1670813514	N
mrobinson@ucd.edu	UCI	Data Set 26	1671601309	N
mrobinson@ucd.edu	UCSD	Data Set 13	1671714833	N
mrobinson@ucd.edu	UCSD	Data Set 11	1672271471	N
mrobinson@ucd.edu	UCSD	Data Set 12	1671727316	N
mrobinson@ucd.edu	UCI	Data Set 24	1668547896	N
mrobinson@ucd.edu	UCD	Data Set 34	1669873477	Y
mrobinson@ucd.edu	UCI	Data Set 28	1671095286	N
mrobinson@ucd.edu	UCSD	Data Set 110	1670114754	N
mrobinson@ucd.edu	UCD	Data Set 32	1671708879	N
mrobinson@ucd.edu	UCD	Data Set 38	1671984847	Y
mrobinson@ucd.edu	UCD	Data Set 31	1670522003	Y
mrobinson@ucd.edu	UCD	Data Set 33	1671785174	N
mrobinson@ucd.edu	UCD	Data Set 35	1667704259	N
mrobinson@ucd.edu	UCD	Data Set 37	1670983396	N
mrobinson@ucd.edu	UCI	Data Set 27	1667768700	N
mrobinson@ucd.edu	UCSD	Data Set 16	1672389938	Y
mrobinson@ucd.edu	UCI	Data Set 25	1667708695	N
mrobinson@ucd.edu	UCSD	Data Set 15	1670110744	N
mrobinson@ucd.edu	UCI	Data Set 210	1668793048	Y
mrobinson@ucd.edu	UCD	Data Set 39	1672003745	N
mrobinson@ucd.edu	UCI	Data Set 29	1667477770	Y
ms@ucd.edu	UCD	Data Set 37	1672403485	N
ms@ucd.edu	UCSD	Data Set 15	1670508699	N
ms@ucd.edu	UCI	Data Set 25	1671083203	N
ms@ucd.edu	UCSD	Data Set 12	1667747660	N
ms@ucd.edu	UCSD	Data Set 17	1671474978	N
ms@ucd.edu	UCD	Data Set 39	1668613180	N
ms@ucd.edu	UCI	Data Set 27	1667566641	N
ms@ucd.edu	UCI	Data Set 28	1670727111	N
ms@ucd.edu	UCSD	Data Set 18	1671311772	Y
ms@ucd.edu	UCSD	Data Set 19	1667728542	N
ms@ucd.edu	UCI	Data Set 24	1672435767	N
ms@ucd.edu	UCD	Data Set 310	1671030817	N
ms@ucd.edu	UCSD	Data Set 110	1669251461	N
ms@ucd.edu	UCI	Data Set 26	1668280771	N
ms@ucd.edu	UCSD	Data Set 11	1668664315	N
ms@ucd.edu	UCD	Data Set 36	1668927879	N
ms@ucd.edu	UCI	Data Set 21	1669412685	Y
ms@ucd.edu	UCI	Data Set 29	1669331999	N
ms@ucd.edu	UCSD	Data Set 16	1672137496	Y
ms@ucd.edu	UCD	Data Set 38	1669333556	N
ms@ucd.edu	UCD	Data Set 35	1668264590	Y
ms@ucd.edu	UCI	Data Set 22	1670162783	N
ms@ucd.edu	UCD	Data Set 33	1671508682	N
medwards@ucd.edu	UCSD	Data Set 17	1670208362	N
medwards@ucd.edu	UCI	Data Set 22	1671893111	N
medwards@ucd.edu	UCSD	Data Set 11	1670730440	N
medwards@ucd.edu	UCI	Data Set 21	1671574421	Y
medwards@ucd.edu	UCI	Data Set 26	1671833484	N
medwards@ucd.edu	UCD	Data Set 310	1669112972	N
medwards@ucd.edu	UCD	Data Set 32	1669771825	Y
medwards@ucd.edu	UCD	Data Set 39	1671825752	N
medwards@ucd.edu	UCI	Data Set 25	1668008481	N
medwards@ucd.edu	UCSD	Data Set 16	1670551383	Y
medwards@ucd.edu	UCI	Data Set 27	1669033810	N
medwards@ucd.edu	UCSD	Data Set 12	1667809012	N
medwards@ucd.edu	UCD	Data Set 33	1669907918	N
medwards@ucd.edu	UCI	Data Set 23	1667562195	N
medwards@ucd.edu	UCD	Data Set 31	1670345468	N
medwards@ucd.edu	UCD	Data Set 34	1667794385	N
medwards@ucd.edu	UCI	Data Set 210	1670387215	N
medwards@ucd.edu	UCSD	Data Set 13	1668714523	N
medwards@ucd.edu	UCSD	Data Set 15	1669867583	N
medwards@ucd.edu	UCI	Data Set 28	1669577334	N
medwards@ucd.edu	UCSD	Data Set 14	1668096031	N
medwards@ucd.edu	UCSD	Data Set 19	1669940264	N
medwards@ucd.edu	UCSD	Data Set 18	1671171947	Y
medwards@ucd.edu	UCD	Data Set 35	1671081667	Y
medwards@ucd.edu	UCI	Data Set 24	1668173607	N
medwards@ucd.edu	UCD	Data Set 37	1667457204	N
medwards@ucd.edu	UCI	Data Set 29	1667818443	N
medwards@ucd.edu	UCSD	Data Set 110	1668718846	N
medwards@ucd.edu	UCD	Data Set 38	1667616991	N
marym@ucd.edu	UCD	Data Set 310	1670813388	N
marym@ucd.edu	UCI	Data Set 27	1668209138	N
marym@ucd.edu	UCSD	Data Set 13	1668267587	N
marym@ucd.edu	UCD	Data Set 39	1672071612	N
marym@ucd.edu	UCI	Data Set 21	1668473956	Y
marym@ucd.edu	UCI	Data Set 28	1668391811	N
marym@ucd.edu	UCSD	Data Set 110	1667626313	Y
marym@ucd.edu	UCI	Data Set 29	1668722620	N
marym@ucd.edu	UCD	Data Set 37	1667417823	N
marym@ucd.edu	UCD	Data Set 32	1670626921	N
marym@ucd.edu	UCD	Data Set 36	1667696300	N
marym@ucd.edu	UCI	Data Set 24	1668674068	N
marym@ucd.edu	UCI	Data Set 25	1667621381	N
marym@ucd.edu	UCD	Data Set 31	1668095572	N
marym@ucd.edu	UCD	Data Set 38	1669057275	Y
marym@ucd.edu	UCSD	Data Set 18	1669232715	Y
marym@ucd.edu	UCI	Data Set 23	1669945059	N
marym@ucd.edu	UCD	Data Set 34	1671750527	Y
marym@ucd.edu	UCSD	Data Set 14	1670064134	N
mn23@ucd.edu	UCI	Data Set 26	1669938112	N
mn23@ucd.edu	UCSD	Data Set 15	1669140965	N
mn23@ucd.edu	UCI	Data Set 24	1668481984	N
mn23@ucd.edu	UCI	Data Set 27	1667388326	N
mn23@ucd.edu	UCSD	Data Set 19	1671673756	N
mn23@ucd.edu	UCI	Data Set 23	1668933631	N
mn23@ucd.edu	UCD	Data Set 310	1672448311	N
mn23@ucd.edu	UCI	Data Set 22	1672153437	N
mn23@ucd.edu	UCD	Data Set 36	1668569631	Y
mn23@ucd.edu	UCSD	Data Set 12	1670163583	N
mn23@ucd.edu	UCD	Data Set 37	1668143238	N
mn23@ucd.edu	UCI	Data Set 29	1669502748	N
michelleyoung4@ucd.edu	UCI	Data Set 26	1669745725	N
michelleyoung4@ucd.edu	UCD	Data Set 32	1670646086	Y
michelleyoung4@ucd.edu	UCD	Data Set 31	1667685054	N
michelleyoung4@ucd.edu	UCI	Data Set 210	1668342480	N
michelleyoung4@ucd.edu	UCSD	Data Set 12	1669853221	N
michelleyoung4@ucd.edu	UCSD	Data Set 19	1667966820	N
michelleyoung4@ucd.edu	UCD	Data Set 39	1671029563	N
michelleyoung4@ucd.edu	UCSD	Data Set 16	1667602252	Y
michelleyoung4@ucd.edu	UCD	Data Set 38	1670277065	N
michelleyoung4@ucd.edu	UCSD	Data Set 13	1668795890	N
michelleyoung4@ucd.edu	UCSD	Data Set 18	1670642042	Y
michelleyoung4@ucd.edu	UCSD	Data Set 11	1672021528	N
michelleyoung4@ucd.edu	UCSD	Data Set 14	1671431740	N
michelleyoung4@ucd.edu	UCI	Data Set 27	1672250591	N
michelleyoung4@ucd.edu	UCD	Data Set 33	1668166989	N
michelleyoung4@ucd.edu	UCD	Data Set 35	1668723860	N
michelleyoung4@ucd.edu	UCD	Data Set 36	1671517769	Y
michelleyoung4@ucd.edu	UCI	Data Set 24	1671031991	N
michelleyoung4@ucd.edu	UCD	Data Set 310	1671767177	N
michelleyoung4@ucd.edu	UCI	Data Set 25	1671828617	N
michelleyoung4@ucd.edu	UCD	Data Set 34	1671698550	N
michelleyoung4@ucd.edu	UCI	Data Set 21	1667713156	Y
michelleyoung4@ucd.edu	UCSD	Data Set 110	1670685188	N
michelleyoung4@ucd.edu	UCSD	Data Set 15	1669389928	N
michelleyoung4@ucd.edu	UCI	Data Set 29	1667922180	N
michelleyoung4@ucd.edu	UCI	Data Set 23	1670824720	N
michelleyoung4@ucd.edu	UCI	Data Set 28	1667914308	N
michelleyoung4@ucd.edu	UCSD	Data Set 17	1668938519	N
michelleyoung4@ucd.edu	UCD	Data Set 37	1667720684	N
michelleyoung4@ucd.edu	UCI	Data Set 22	1668698626	N
nancya@ucd.edu	UCI	Data Set 27	1667958677	N
nancya@ucd.edu	UCD	Data Set 35	1670877136	N
nancya@ucd.edu	UCI	Data Set 22	1670787602	N
nancya@ucd.edu	UCSD	Data Set 15	1670870514	N
nancya@ucd.edu	UCI	Data Set 28	1670643771	Y
nancya@ucd.edu	UCI	Data Set 210	1667831159	N
nancya@ucd.edu	UCD	Data Set 32	1671115011	N
nancya@ucd.edu	UCD	Data Set 39	1671792065	N
nancya@ucd.edu	UCD	Data Set 37	1671258139	N
nancya@ucd.edu	UCSD	Data Set 12	1671746253	N
nancya@ucd.edu	UCSD	Data Set 13	1672053648	N
nancya@ucd.edu	UCD	Data Set 310	1669100524	N
nancya@ucd.edu	UCSD	Data Set 19	1669227378	Y
nancya@ucd.edu	UCI	Data Set 25	1670122237	N
nancya@ucd.edu	UCI	Data Set 26	1668027851	Y
nancya@ucd.edu	UCSD	Data Set 11	1672140120	Y
nancya@ucd.edu	UCI	Data Set 24	1670714112	Y
nancya@ucd.edu	UCI	Data Set 23	1668192952	Y
nancya@ucd.edu	UCD	Data Set 34	1669275926	Y
nicholaswatson58@ucd.edu	UCSD	Data Set 12	1670176231	N
nicholaswatson58@ucd.edu	UCSD	Data Set 15	1670369398	N
nicholaswatson58@ucd.edu	UCD	Data Set 33	1671604929	N
nicholaswatson58@ucd.edu	UCD	Data Set 37	1670077840	N
nicholaswatson58@ucd.edu	UCD	Data Set 36	1667349423	Y
nicholaswatson58@ucd.edu	UCI	Data Set 28	1668923357	N
nicholaswatson58@ucd.edu	UCD	Data Set 310	1668113584	Y
nicholaswatson58@ucd.edu	UCSD	Data Set 16	1671311674	Y
nicholaswatson58@ucd.edu	UCD	Data Set 32	1667715813	N
nicholaswatson58@ucd.edu	UCI	Data Set 22	1671535335	N
nicholaswatson58@ucd.edu	UCI	Data Set 21	1670054558	Y
nicholaswatson58@ucd.edu	UCI	Data Set 29	1670745081	Y
nicholaswatson58@ucd.edu	UCI	Data Set 24	1670557682	N
nicholaswatson58@ucd.edu	UCI	Data Set 210	1667304857	N
nicholaswatson58@ucd.edu	UCSD	Data Set 18	1669829392	Y
nicholaswatson58@ucd.edu	UCSD	Data Set 11	1668805759	N
nicholaswatson58@ucd.edu	UCD	Data Set 38	1670204576	N
nicholaswatson58@ucd.edu	UCD	Data Set 35	1669208430	Y
nicholaswatson58@ucd.edu	UCSD	Data Set 17	1667432775	N
nicholaswatson58@ucd.edu	UCI	Data Set 23	1669735399	N
nicholaswatson58@ucd.edu	UCD	Data Set 34	1670752446	N
nicholaswatson58@ucd.edu	UCD	Data Set 31	1672095635	N
nicholaswatson58@ucd.edu	UCSD	Data Set 13	1669373883	N
nicholaswatson58@ucd.edu	UCSD	Data Set 14	1671153092	N
nicholaswatson58@ucd.edu	UCI	Data Set 27	1670909415	N
nicholaswatson58@ucd.edu	UCD	Data Set 39	1669507229	N
nicholaswatson58@ucd.edu	UCI	Data Set 25	1671406560	N
nicholaswatson58@ucd.edu	UCSD	Data Set 19	1670816074	Y
palvarez@ucd.edu	UCD	Data Set 32	1667693724	N
palvarez@ucd.edu	UCSD	Data Set 18	1671935224	Y
palvarez@ucd.edu	UCSD	Data Set 16	1667967702	N
palvarez@ucd.edu	UCI	Data Set 27	1671978547	N
palvarez@ucd.edu	UCD	Data Set 39	1669557192	N
palvarez@ucd.edu	UCD	Data Set 35	1670670763	Y
palvarez@ucd.edu	UCI	Data Set 26	1667409370	Y
palvarez@ucd.edu	UCI	Data Set 25	1668622371	N
palvarez@ucd.edu	UCSD	Data Set 11	1667348016	N
palvarez@ucd.edu	UCI	Data Set 23	1671637097	N
palvarez@ucd.edu	UCI	Data Set 21	1671240136	Y
palvarez@ucd.edu	UCSD	Data Set 15	1667502227	N
palvarez@ucd.edu	UCD	Data Set 31	1668029418	N
palvarez@ucd.edu	UCSD	Data Set 12	1670885569	N
pr@ucd.edu	UCSD	Data Set 13	1672318447	N
pr@ucd.edu	UCD	Data Set 33	1671666998	N
pr@ucd.edu	UCI	Data Set 26	1668741235	N
pr@ucd.edu	UCSD	Data Set 110	1669058197	N
pr@ucd.edu	UCI	Data Set 210	1667763869	N
pr@ucd.edu	UCI	Data Set 22	1669552097	N
pr@ucd.edu	UCI	Data Set 27	1667829212	N
pr@ucd.edu	UCSD	Data Set 14	1668093756	N
pr@ucd.edu	UCD	Data Set 32	1670168601	N
pr@ucd.edu	UCD	Data Set 31	1667619834	Y
pr@ucd.edu	UCI	Data Set 24	1670372806	N
pr@ucd.edu	UCI	Data Set 23	1671495562	N
pr@ucd.edu	UCD	Data Set 38	1668988841	Y
pr@ucd.edu	UCD	Data Set 35	1668816344	Y
pr@ucd.edu	UCI	Data Set 28	1669344590	Y
pr@ucd.edu	UCSD	Data Set 17	1670439124	N
pr@ucd.edu	UCSD	Data Set 15	1668587740	N
pr@ucd.edu	UCD	Data Set 37	1669801428	N
pr@ucd.edu	UCD	Data Set 34	1669993359	N
pr@ucd.edu	UCI	Data Set 25	1668906114	N
pr@ucd.edu	UCD	Data Set 39	1668028551	N
pr@ucd.edu	UCD	Data Set 310	1671693849	N
paulr23@ucd.edu	UCSD	Data Set 11	1671377230	N
paulr23@ucd.edu	UCSD	Data Set 12	1668048696	N
paulr23@ucd.edu	UCI	Data Set 23	1667556128	N
paulr23@ucd.edu	UCD	Data Set 38	1670192138	N
paulr23@ucd.edu	UCSD	Data Set 19	1671767085	Y
paulr23@ucd.edu	UCI	Data Set 28	1670909550	N
paulr23@ucd.edu	UCSD	Data Set 14	1672218855	N
paulr23@ucd.edu	UCSD	Data Set 18	1670617666	Y
paulr23@ucd.edu	UCSD	Data Set 15	1669276533	N
paulr23@ucd.edu	UCI	Data Set 22	1667319380	N
paulr23@ucd.edu	UCSD	Data Set 17	1667913623	N
paulr23@ucd.edu	UCI	Data Set 25	1672015102	N
paulr23@ucd.edu	UCSD	Data Set 13	1670826028	N
paulr23@ucd.edu	UCD	Data Set 32	1670932119	N
paulr23@ucd.edu	UCD	Data Set 34	1671918024	N
paulr23@ucd.edu	UCI	Data Set 26	1671211606	N
paulr23@ucd.edu	UCD	Data Set 36	1670431678	Y
paulr23@ucd.edu	UCSD	Data Set 16	1669461975	N
paulr23@ucd.edu	UCD	Data Set 31	1669857691	N
paulr23@ucd.edu	UCD	Data Set 37	1671520528	N
paulr23@ucd.edu	UCD	Data Set 310	1672377386	N
paulr23@ucd.edu	UCI	Data Set 29	1670547637	N
paulr23@ucd.edu	UCD	Data Set 33	1671286629	N
paulr23@ucd.edu	UCSD	Data Set 110	1671614948	N
raymondmartinez@ucd.edu	UCSD	Data Set 19	1671705463	N
raymondmartinez@ucd.edu	UCI	Data Set 28	1670477903	Y
raymondmartinez@ucd.edu	UCSD	Data Set 11	1672342416	N
raymondmartinez@ucd.edu	UCI	Data Set 26	1672307742	N
raymondmartinez@ucd.edu	UCD	Data Set 310	1672110888	N
raymondmartinez@ucd.edu	UCI	Data Set 24	1668890312	N
raymondmartinez@ucd.edu	UCSD	Data Set 15	1668400834	N
raymondmartinez@ucd.edu	UCSD	Data Set 17	1668812800	N
raymondmartinez@ucd.edu	UCD	Data Set 38	1671378125	Y
raymondmartinez@ucd.edu	UCSD	Data Set 16	1667759440	Y
raymondmartinez@ucd.edu	UCI	Data Set 29	1669833872	N
raymondmartinez@ucd.edu	UCI	Data Set 21	1671314961	Y
raymondmartinez@ucd.edu	UCD	Data Set 39	1669344041	N
raymondmartinez@ucd.edu	UCD	Data Set 37	1667916511	N
raymondmartinez@ucd.edu	UCD	Data Set 33	1669507011	N
raymondmartinez@ucd.edu	UCD	Data Set 31	1672472541	N
raymondmartinez@ucd.edu	UCSD	Data Set 14	1671332338	N
raymondmartinez@ucd.edu	UCSD	Data Set 110	1672255516	N
raymondmartinez@ucd.edu	UCSD	Data Set 12	1667856015	N
raymondmartinez@ucd.edu	UCSD	Data Set 13	1670128931	N
raymondmartinez@ucd.edu	UCSD	Data Set 18	1667938290	N
raymondmartinez@ucd.edu	UCD	Data Set 34	1669560064	N
raymondmartinez@ucd.edu	UCI	Data Set 210	1667379004	N
raymondmartinez@ucd.edu	UCD	Data Set 36	1672338811	Y
raymondmartinez@ucd.edu	UCI	Data Set 25	1669033751	N
raymondmartinez@ucd.edu	UCI	Data Set 27	1669144830	N
raymondmartinez@ucd.edu	UCD	Data Set 32	1672434222	N
raymondmartinez@ucd.edu	UCI	Data Set 23	1670375421	N
rphillips55@ucd.edu	UCI	Data Set 23	1668037140	N
ruthb18@ucd.edu	UCD	Data Set 310	1670354123	N
ruthb18@ucd.edu	UCI	Data Set 28	1669309881	N
ruthb18@ucd.edu	UCD	Data Set 32	1671993516	N
ruthb18@ucd.edu	UCD	Data Set 38	1669703830	N
ruthb18@ucd.edu	UCSD	Data Set 17	1671691621	N
ruthb18@ucd.edu	UCI	Data Set 25	1670934599	N
ruthb18@ucd.edu	UCI	Data Set 210	1671251615	N
ruthb18@ucd.edu	UCI	Data Set 23	1669154325	N
ruthb18@ucd.edu	UCSD	Data Set 12	1669386189	N
ruthb18@ucd.edu	UCSD	Data Set 16	1670567534	Y
ruthb18@ucd.edu	UCSD	Data Set 18	1670450377	Y
ruthb18@ucd.edu	UCD	Data Set 39	1670565585	N
ruthb18@ucd.edu	UCI	Data Set 22	1669348799	N
ruthb18@ucd.edu	UCD	Data Set 33	1672235264	N
ruthb18@ucd.edu	UCSD	Data Set 13	1667915721	N
ruthb18@ucd.edu	UCSD	Data Set 19	1667341421	N
ruthb18@ucd.edu	UCSD	Data Set 110	1669511000	N
ruthb18@ucd.edu	UCI	Data Set 21	1667646366	Y
ruthb18@ucd.edu	UCD	Data Set 36	1668412853	N
ruthb18@ucd.edu	UCI	Data Set 24	1667474229	N
ruthb18@ucd.edu	UCD	Data Set 34	1670827183	N
ruthb18@ucd.edu	UCSD	Data Set 15	1671552888	N
ruthb18@ucd.edu	UCI	Data Set 29	1670259523	N
ruthb18@ucd.edu	UCSD	Data Set 14	1671489535	N
ruthb18@ucd.edu	UCD	Data Set 31	1671313210	N
ruthb18@ucd.edu	UCI	Data Set 27	1669640040	N
samuelh@ucd.edu	UCI	Data Set 24	1671315207	Y
samuelh@ucd.edu	UCI	Data Set 23	1667935266	Y
samuelh@ucd.edu	UCD	Data Set 35	1669195925	Y
samuelh@ucd.edu	UCI	Data Set 210	1667565055	Y
samuelh@ucd.edu	UCSD	Data Set 12	1669558621	Y
samuelh@ucd.edu	UCI	Data Set 21	1671944953	Y
samuelh@ucd.edu	UCI	Data Set 25	1667987396	Y
samuelh@ucd.edu	UCSD	Data Set 16	1670442462	Y
samuelh@ucd.edu	UCD	Data Set 38	1670286752	Y
samuelh@ucd.edu	UCSD	Data Set 110	1669735049	Y
samuelh@ucd.edu	UCSD	Data Set 13	1671347181	Y
samuelh@ucd.edu	UCD	Data Set 32	1667661115	N
samuelh@ucd.edu	UCD	Data Set 31	1671275292	N
samuelh@ucd.edu	UCSD	Data Set 15	1669139226	N
samuelh@ucd.edu	UCD	Data Set 37	1671963836	Y
samuelh@ucd.edu	UCI	Data Set 29	1671820206	Y
sm87@ucd.edu	UCSD	Data Set 14	1670977000	N
sm87@ucd.edu	UCI	Data Set 22	1670665552	N
sm87@ucd.edu	UCI	Data Set 28	1669732755	N
sm87@ucd.edu	UCSD	Data Set 110	1669740359	N
sm87@ucd.edu	UCD	Data Set 35	1671383099	Y
sm87@ucd.edu	UCSD	Data Set 17	1670795072	N
sm87@ucd.edu	UCD	Data Set 34	1667696575	N
sm87@ucd.edu	UCD	Data Set 310	1671167516	N
sm87@ucd.edu	UCSD	Data Set 13	1671047057	N
sm87@ucd.edu	UCSD	Data Set 11	1671511059	N
sm87@ucd.edu	UCSD	Data Set 12	1671119236	N
sm87@ucd.edu	UCD	Data Set 37	1668193960	N
sm87@ucd.edu	UCSD	Data Set 15	1669771929	N
sm87@ucd.edu	UCI	Data Set 210	1667843906	N
sm87@ucd.edu	UCI	Data Set 23	1668267789	N
sm87@ucd.edu	UCD	Data Set 32	1668827558	N
sm87@ucd.edu	UCSD	Data Set 18	1669510887	N
sm87@ucd.edu	UCI	Data Set 25	1668962802	N
sm87@ucd.edu	UCI	Data Set 24	1669147019	N
sm87@ucd.edu	UCD	Data Set 38	1670556531	Y
sm87@ucd.edu	UCD	Data Set 31	1668010636	Y
sm11@ucd.edu	UCSD	Data Set 13	1669088630	N
sm11@ucd.edu	UCSD	Data Set 11	1671091665	N
sm11@ucd.edu	UCSD	Data Set 16	1668368441	Y
sm11@ucd.edu	UCD	Data Set 38	1667293133	Y
sm11@ucd.edu	UCD	Data Set 39	1671860260	N
sm11@ucd.edu	UCD	Data Set 36	1669202668	Y
sm11@ucd.edu	UCSD	Data Set 12	1671407757	N
sm11@ucd.edu	UCD	Data Set 35	1672198576	Y
sm11@ucd.edu	UCD	Data Set 31	1671592678	N
sm11@ucd.edu	UCD	Data Set 34	1667668999	N
sm11@ucd.edu	UCI	Data Set 29	1667791230	N
sm11@ucd.edu	UCI	Data Set 28	1670793006	N
sm11@ucd.edu	UCSD	Data Set 15	1668742683	N
sm11@ucd.edu	UCI	Data Set 22	1670669954	N
sm11@ucd.edu	UCSD	Data Set 110	1668384954	N
sm11@ucd.edu	UCSD	Data Set 19	1671972336	Y
sharonhall@ucd.edu	UCI	Data Set 27	1672047174	N
sharonhall@ucd.edu	UCI	Data Set 29	1671667516	N
sharonhall@ucd.edu	UCD	Data Set 31	1667575011	N
sharonhall@ucd.edu	UCSD	Data Set 19	1667986994	N
sharonhall@ucd.edu	UCD	Data Set 36	1669029358	N
sharonhall@ucd.edu	UCSD	Data Set 110	1670100557	N
sharonhall@ucd.edu	UCD	Data Set 35	1668376097	Y
sharonhall@ucd.edu	UCSD	Data Set 17	1671636889	N
sharonhall@ucd.edu	UCD	Data Set 32	1671700167	N
sharonhall@ucd.edu	UCI	Data Set 25	1670960977	N
sharonhall@ucd.edu	UCI	Data Set 22	1667360759	N
sharonhall@ucd.edu	UCD	Data Set 33	1667876755	N
sharonhall@ucd.edu	UCI	Data Set 21	1670926045	Y
sharonhall@ucd.edu	UCI	Data Set 210	1669686251	N
sharonhall@ucd.edu	UCSD	Data Set 12	1667903103	N
sharonhall@ucd.edu	UCSD	Data Set 15	1668220524	N
sharonhall@ucd.edu	UCSD	Data Set 14	1670437836	N
sharonhall@ucd.edu	UCSD	Data Set 16	1669768093	Y
sharonhall@ucd.edu	UCSD	Data Set 13	1668728724	N
sharonhall@ucd.edu	UCD	Data Set 39	1671745144	N
sharonhall@ucd.edu	UCI	Data Set 26	1670070895	N
sharonhall@ucd.edu	UCI	Data Set 23	1668929997	N
sharonhall@ucd.edu	UCSD	Data Set 11	1670368275	N
timothym@ucd.edu	UCSD	Data Set 14	1671701876	N
timothym@ucd.edu	UCD	Data Set 37	1667501219	N
timothym@ucd.edu	UCSD	Data Set 15	1669720529	N
timothym@ucd.edu	UCD	Data Set 310	1670731801	N
timothym@ucd.edu	UCI	Data Set 25	1670718683	N
timothym@ucd.edu	UCD	Data Set 39	1667447926	N
